name,id,sis_id,section,section_id,section_sis_id,submitted,attempt,"5981239: What worked well in this module?(What helped you learn, felt clear, or was especially useful?)",1,"5981266: What was unclear or harder than it needed to be?Please include the exact spot (page title, video timestamp, screenshot description, etc.).",1,"5981267: Time reality check: About how long did this module take you (videos + practice + assignment)?What felt too long, too short, or about right?",1,5981268: Balance: Did the module have the right balance between explanation and hands-on practice?What would you add/remove?,1,5981269: Typos / glitches / broken links / confusing instructions:List anything you noticed and where you saw it.,1,"5981270: Anything else you want me to know?(Suggestions, appreciation, frustrations—anything.)",1,n correct,n incorrect,score
Hannah May,89008,114106090,DATA-R155 001,74383,1263-13644DATA-R155001-2CD5B1A8,2026-01-26 17:44:27 UTC,1,"The ch 1 practice space was incredibly detailed and clear! Easy to understand. Also, the practice assignments are so far a good length.",0,"In ch 2 practice space it was unclear if I needed to sweep my environment prior to starting the actual practice space exercise. Also in ch 2 practice space: on the instructions within the comment space for the vectors 'origin' and 'color_names', the commas separating the elements were within the quotes. And I just thought I should mention it in case it wasn't on purpose. ",0,,0,,0,,0,,0,6,0,0
Grey Rankin Williamson,162449,114125352,DATA-R155 002,74388,1263-14233DATA-R155002-2CD5B1A8,2026-01-26 17:17:06 UTC,1,"This module helped me understand what RStudio is and how to navigate it, as well as the grammar expectations when writing in R. I like that the homework has you go line by line, check it, and try code that will result in errors, so we get comfortable with both being wrong and reading error messages in order to fix them.",0,"It was a little difficult at first to distinguish what was supposed to be copied into R and what were comments, but after a few tries in R it becomes apparent what is code and what are comments.",0,The modules felt a little long sometimes but I also expect this kind of work to be challenging and take me some time. ,0,I would add a little more explanation to the end of sections that review the commands because that's the part I struggle to remember the actions of.,0,,0,,0,6,0,0
Macie Dress,104767,114182502,DATA-R155 001,74383,1263-13644DATA-R155001-2CD5B1A8,2026-01-22 22:45:09 UTC,1,"I learned all of the basics in R studio, how to write in the script, codes and how they work and differ from each other. I learned how to save my material and upload the right file hopefully. I learned some cool keyboard shortcuts, and I learned how to solve problems if an error popped up. ",0,"Ok, so I follow the instructions very clearly and black and white thinking. I dont remember where but when creating my first data.frame the instructions told me to group for groups, the rainbow,..., anomally, ...etc. The thing is with the data.frame is that the groups need to be the same length in size and rainbow is 8 characters while the others were 6 so I had to edit rainbow and cut out 2 items to make the character size fit. Then anomaly didn't even exist so I had to make that group up. Then I re-ran the data.frame and it worked. Thank goodness I used my tenacity and problem solving skills to think outside of the box and come up with the proper solution. 

Though if able I think re-writing those instructions would be handy for the next semester lol. ",0,"well for my pace it felt about right. I took about 2+ hours per practice, and the videos were pretty quick. I think everything felt at a good pace and hopefully as I advance my knowledge I will be a lot faster at the practice. the assignment was usually around 5 min unless I reconvein to another day to finish it. ",0,"The MLK holiday was a nice break but since I don't really celebrate that holiday I wished I would have had that time to come into class and ask questions, I am all about that in person connection. Though the hands-on practice is always welcome and the videos helped a ton!! ",0,I think I just recognized the confusing instructions ^^^,0,"Thank you so much fo rresponding to me on the first assignment and explaining to me that I was running the R studio postit note not the desktop version and once I downloaded that version everything clicked and I had a better time connecting the working directory to my computer. 

Thank you for helping me and giving me options to help out and replying back to my comment giving detailed instructions! :)",0,6,0,0
Kayley Searles,152039,114219794,BIOL155 002,74387,1263-14232BIOL155002-2CD5B1A8,2026-01-22 20:34:28 UTC,1,The instruction was very clear. I didn't feel lost at all throughout the chapters.,0,"I believe in the chapter 2 practice space that one of the sequences that we had to create was initially named ""origins"" and then later it was referred to as ""origin"" which kind of confused me at first and I had to go back and edit it to ""origin."" It just threw me off a little bit. I also think it might be helpful to tell students that if you name something incorrectly, you can clear out the environment and the console will still remain so it will be easy to re-enter your saved objects back into the environment. ",0,It didn't feel like it took too long to complete because it was actually kind of fun for me. I think that the suggested time that it will take is accurate if you don't have any issues. ,0,The balance was perfect for me.,0,"""origins"" instead of ""origin""",0,,0,6,0,0
Rick Godin,166856,112191788,PSYC155 002,74389,1263-14234PSYC155002-2CD5B1A8,2026-01-22 00:30:36 UTC,1,The practice tasks were helpful is getting familiar with R Studio interface and commands.  ,0,"The quizzes with the inflexible syntax checking are inconsistent and not helpful to me.  It becomes a frustrating exercise in translating a command sequence in know quite well into a ""slice and dice” fill in the blanks.  Are the () included in this question?  Is the assignment <- needed for this one?  How about (parens)?

The color_names variable list on the exercise has errors in syntax where the comma is inside the quotes instead of outside -  ""TARDIS Blue,”
I believe al the colors were listed with the same syntax.

I discovered that cutting and pasting a list from the exercise to the source window was hit or miss.  I had difficulty pasting the hexadecimal color codes into the source window.  I kept getting an unexpected end of file error and unmatched bracket errors when they were in fact matching.  I suspect that it was caused by copying some unprintable formatting characters from the browser to the source window.  I ended up copying the hex codes into a really simple text editor (Plain Text Editor) that doesn’t support RTF formatting and then copying from the text editor to the source.  That worked well.

 ",0,"I spent about 4 hours or more on this module.  It took longer than I expected, but I would often stop and play around with the commands and try different syntax and parameters for fun.  I also introduced intentional errors to see how the source check would respond.",0,"The material was sufficient to introduce a concept that I could understand and use in the practice section.  I did look up the data.frame function to get a better understanding of how to list the column titles.  I originally had them listed with single quotes ‘Color’ to force a character type.  In the end it worked the same with both single ‘quotes', double “quotes”, and no quotes.  I expected more rigid type casting.",0,,0,,0,6,0,0
Tammy Lightle,215564,114109088,DATA-R155 002,74388,1263-14233DATA-R155002-2CD5B1A8,2026-01-20 20:35:12 UTC,1,I thought the module was fairly straightforward. It also served as norm-setting calibration so I feel like I know what to expect in future module layouts.,0,"1. I don't understand how seq(from = 0.5, to = 10) produces integers. Maybe it is a typo in the module and quiz? 

2. As the chapter is written, spectrum_shift will never be able to be made into a dataframe due to differing sizes of vectors. I'd suggest reviewing this to be easier to follow.

3. For organization, I wish the module numbers and chapter numbers aligned, but that is just my weird brain...",0,I think it was about right for a module that is supposed to cover basics.,0,I have no suggestions at this time.,0,"Whoops, I went into this in question 2 but more specifically:

In sections 5.1 - 5.4, we create vectors of different sizes

In section 8, we are supposed to make a dataframe from these

In section 11.2, the instructions say that it should be integers but the sequence starts at 0.5. So either need to start at 1, or make it as.integer(seq(...))

 

 ",0,Nope!,0,6,0,0
